city,state
Ft. Myers,Florida
Ft. Lauderadale,Florida
St. Petersburg,Florida
West Palm Beach,Florida
Clearwater,Florida
Ft. Myers,Florida
Ft. Lauderadale,Florida
St. Petersburg,Florida
West Palm Beach,Florida
Clearwater,Florida
Ft. Myers,Florida
Ft. Lauderadale,Florida
St. Petersburg,Florida
West Palm Beach,Florida
Clearwater,Florida
Ft. Myers,Florida
Ft. Lauderadale,Florida
St. Petersburg,Florida
West Palm Beach,Florida
Clearwater,Florida
Ft. Myers,Florida
Ft. Lauderadale,Florida
St. Petersburg,Florida
West Palm Beach,Florida
Clearwater,Florida
Ft. Myers,Florida
Ft. Lauderadale,Florida
St. Petersburg,Florida
West Palm Beach,Florida
Clearwater,Florida
Ft. Myers,Florida
Ft. Lauderadale,Florida
St. Petersburg,Florida
West Palm Beach,Florida
Clearwater,Florida
Ft. Myers,Florida
Ft. Lauderadale,Florida
St. Petersburg,Florida
West Palm Beach,Florida
Clearwater,Florida
Ft. Myers,Florida
Ft. Lauderadale,Florida
St. Petersburg,Florida
West Palm Beach,Florida
Clearwater,Florida
Ft. Myers,Florida
Ft. Lauderadale,Florida
St. Petersburg,Florida
West Palm Beach,Florida
Clearwater,Florida
Ft. Myers,Florida
Ft. Lauderadale,Florida
St. Petersburg,Florida
West Palm Beach,Florida
Clearwater,Florida
Ft. Myers,Florida
Ft. Lauderadale,Florida
St. Petersburg,Florida
West Palm Beach,Florida
Clearwater,Florida
Ft. Myers,Florida
Ft. Lauderadale,Florida
St. Petersburg,Florida
West Palm Beach,Florida
Clearwater,Florida
Ft. Myers,Florida
Ft. Lauderadale,Florida
St. Petersburg,Florida
West Palm Beach,Florida
Clearwater,Florida
Ft. Myers,Florida
Ft. Lauderadale,Florida
St. Petersburg,Florida
West Palm Beach,Florida
Clearwater,Florida
Ft. Myers,Florida
Ft. Lauderadale,Florida
St. Petersburg,Florida
West Palm Beach,Florida
Clearwater,Florida